pk,stepId,inspectedAt,status
SP-01#IAEO_VI_M3_VI21_CV_01:1000,SP-01,2025-07-04 08:36:11,Offered
SP-01#IAEO_VI_M3_VI21_CV_01:1000,SP-01,2025-07-04 10:24:51,Pass
SP-01#IAEO_VI_M3_VI21_CV_01:1001,SP-01,2025-07-04 20:42:52,Offered
SP-01#IAEO_VI_M3_VI21_CV_01:1001,SP-01,2025-07-05 02:04:39,Pass
SP-01#IAEO_VI_M3_VI21_CV_01:1002,SP-01,2025-07-04 07:56:29,Offered
SP-01#IAEO_VI_M3_VI21_CV_01:1002,SP-01,2025-07-04 09:23:11,Pass
SP-01#IAEO_VI_M3_VI21_CV_01:1003,SP-01,2025-07-04 07:27:48,Offered
SP-01#IAEO_VI_M3_VI21_CV_01:1003,SP-01,2025-07-04 10:44:23,Pass
SP-01#IAEO_VI_M3_VI21_CV_01:1004,SP-01,2025-07-04 08:45:18,Offered
SP-01#IAEO_VI_M3_VI21_CV_01:1004,SP-01,2025-07-04 10:35:41,Fail
SP-01#IAEO_VI_M3_VI21_CV_01:1004,SP-01,2025-07-08 16:09:39,Pass
SP-01#IAEO_VI_M3_VI21_CV_01:1005,SP-01,2025-07-04 11:19:59,Offered
SP-01#IAEO_VI_M3_VI21_CV_01:1005,SP-01,2025-07-04 13:10:13,Pass
SP-01#IAEO_VI_M3_VI21_CV_01:1006,SP-01,2025-07-04 17:07:04,Offered
SP-01#IAEO_VI_M3_VI21_CV_01:1006,SP-01,2025-07-04 23:26:36,Pass
SP-01#IAEO_VI_M3_VI21_CV_01:1007,SP-01,2025-07-04 13:28:14,Offered
SP-01#IAEO_VI_M3_VI21_CV_01:1007,SP-01,2025-07-04 19:52:02,Pass
SP-01#IAEO_VI_M3_VI21_CV_01:1008,SP-01,2025-07-04 11:51:03,Offered
SP-01#IAEO_VI_M3_VI21_CV_01:1008,SP-01,2025-07-04 16:30:36,Pass
SP-01#IAEO_VI_M3_VI21_CV_01:1009,SP-01,2025-07-04 10:15:39,Offered
SP-01#IAEO_VI_M3_VI21_CV_01:1009,SP-01,2025-07-04 11:26:20,Pass
SP-01#IAEO_VI_M3_VI21_CV_01:1010,SP-01,2025-07-04 02:35:21,Offered
SP-01#IAEO_VI_M3_VI21_CV_01:1010,SP-01,2025-07-04 03:48:33,Pass
SP-01#IAEO_VI_M3_VI21_CV_01:1011,SP-01,2025-07-04 15:16:25,Offered
SP-01#IAEO_VI_M3_VI21_CV_01:1011,SP-01,2025-07-04 18:28:27,Pass
SP-02#IAEO_VI_M3_VI21_CV_01:1012,SP-02,2025-07-04 12:12:20,Offered
SP-02#IAEO_VI_M3_VI21_CV_01:1012,SP-02,2025-07-04 19:33:31,Pass
SP-02#IAEO_VI_M3_VI21_CV_01:1013,SP-02,2025-07-04 05:58:58,Offered
SP-02#IAEO_VI_M3_VI21_CV_01:1013,SP-02,2025-07-04 09:51:20,Pass
SP-02#IAEO_VI_M3_VI21_CV_01:1014,SP-02,2025-07-04 18:07:59,Offered
SP-02#IAEO_VI_M3_VI21_CV_01:1014,SP-02,2025-07-04 20:44:05,Pass
SP-02#IAEO_VI_M3_VI21_CV_01:1015,SP-02,2025-07-04 01:50:51,Offered
SP-02#IAEO_VI_M3_VI21_CV_01:1015,SP-02,2025-07-04 04:52:32,Pass
SP-02#IAEO_VI_M3_VI21_CV_01:1016,SP-02,2025-07-04 03:52:09,Offered
SP-02#IAEO_VI_M3_VI21_CV_01:1016,SP-02,2025-07-04 11:22:37,Pass
SP-02#IAEO_VI_M3_VI21_CV_01:1017,SP-02,2025-07-04 19:23:41,Offered
SP-02#IAEO_VI_M3_VI21_CV_01:1017,SP-02,2025-07-05 00:49:43,Pass
SP-02#IAEO_VI_M3_VI21_CV_01:1018,SP-02,2025-07-04 20:54:54,Offered
SP-02#IAEO_VI_M3_VI21_CV_01:1018,SP-02,2025-07-05 03:32:26,Pass
SP-02#IAEO_VI_M3_VI21_CV_01:1019,SP-02,2025-07-04 04:28:39,Offered
SP-02#IAEO_VI_M3_VI21_CV_01:1019,SP-02,2025-07-04 11:43:32,Pass
SP-02#IAEO_VI_M3_VI21_CV_01:1020,SP-02,2025-07-04 12:56:39,Offered
SP-02#IAEO_VI_M3_VI21_CV_01:1020,SP-02,2025-07-04 19:35:46,Pass
SP-02#IAEO_VI_M3_VI21_CV_01:1021,SP-02,2025-07-04 21:30:22,Offered
SP-02#IAEO_VI_M3_VI21_CV_01:1021,SP-02,2025-07-05 00:43:55,Pass
SP-02#IAEO_VI_M3_VI21_CV_01:1022,SP-02,2025-07-04 02:38:28,Offered
SP-02#IAEO_VI_M3_VI21_CV_01:1022,SP-02,2025-07-04 05:14:12,Pass
SP-02#IAEO_VI_M3_VI21_CV_01:1023,SP-02,2025-07-04 10:15:02,Offered
SP-02#IAEO_VI_M3_VI21_CV_01:1023,SP-02,2025-07-04 16:58:36,Pass
SP-03#IAEO_VI_M3_VI21_CV_01:1024,SP-03,2025-07-04 20:39:27,Offered
SP-03#IAEO_VI_M3_VI21_CV_01:1024,SP-03,2025-07-04 21:42:22,Pass
SP-03#IAEO_VI_M3_VI21_CV_01:1025,SP-03,2025-07-04 12:15:28,Offered
SP-03#IAEO_VI_M3_VI21_CV_01:1025,SP-03,2025-07-04 16:10:47,Pass
SP-03#IAEO_VI_M3_VI21_CV_01:1026,SP-03,2025-07-04 02:39:55,Offered
SP-03#IAEO_VI_M3_VI21_CV_01:1026,SP-03,2025-07-04 06:31:47,Fail
SP-03#IAEO_VI_M3_VI21_CV_01:1026,SP-03,2025-07-07 19:19:39,Pass
SP-03#IAEO_VI_M3_VI21_CV_01:1027,SP-03,2025-07-04 22:37:47,Offered
SP-03#IAEO_VI_M3_VI21_CV_01:1027,SP-03,2025-07-05 01:53:32,Pass
SP-03#IAEO_VI_M3_VI21_CV_01:1028,SP-03,2025-07-04 12:27:03,Offered
SP-03#IAEO_VI_M3_VI21_CV_01:1028,SP-03,2025-07-04 18:22:19,Pass
SP-03#IAEO_VI_M3_VI21_CV_01:1029,SP-03,2025-07-04 08:43:37,Offered
SP-03#IAEO_VI_M3_VI21_CV_01:1029,SP-03,2025-07-04 16:31:46,Pass
SP-03#IAEO_VI_M3_VI21_CV_01:1030,SP-03,2025-07-04 23:05:55,Offered
SP-03#IAEO_VI_M3_VI21_CV_01:1030,SP-03,2025-07-05 01:51:40,Pass
SP-03#IAEO_VI_M3_VI21_CV_01:1031,SP-03,2025-07-04 11:56:02,Offered
SP-03#IAEO_VI_M3_VI21_CV_01:1031,SP-03,2025-07-04 15:02:24,Pass
SP-03#IAEO_VI_M3_VI21_CV_01:1032,SP-03,2025-07-04 06:50:10,Offered
SP-03#IAEO_VI_M3_VI21_CV_01:1032,SP-03,2025-07-04 08:05:39,Pass
SP-03#IAEO_VI_M3_VI21_CV_01:1033,SP-03,2025-07-04 14:37:46,Offered
SP-03#IAEO_VI_M3_VI21_CV_01:1033,SP-03,2025-07-04 19:08:53,Pass
SP-03#IAEO_VI_M3_VI21_CV_01:1034,SP-03,2025-07-04 01:14:07,Offered
SP-03#IAEO_VI_M3_VI21_CV_01:1034,SP-03,2025-07-04 04:11:09,Pass
SP-03#IAEO_VI_M3_VI21_CV_01:1035,SP-03,2025-07-04 21:47:54,Offered
SP-03#IAEO_VI_M3_VI21_CV_01:1035,SP-03,2025-07-05 00:28:31,Pass
SP-04#IAEO_VI_M3_VI21_CV_01:1036,SP-04,2025-07-04 03:28:38,Offered
SP-04#IAEO_VI_M3_VI21_CV_01:1036,SP-04,2025-07-04 07:54:13,Pass
SP-04#IAEO_VI_M3_VI21_CV_01:1037,SP-04,2025-07-04 23:39:20,Offered
SP-04#IAEO_VI_M3_VI21_CV_01:1037,SP-04,2025-07-05 02:20:59,Pass
SP-04#IAEO_VI_M3_VI21_CV_01:1038,SP-04,2025-07-04 16:07:52,Offered
SP-04#IAEO_VI_M3_VI21_CV_01:1038,SP-04,2025-07-04 22:27:45,Pass
SP-04#IAEO_VI_M3_VI21_CV_01:1039,SP-04,2025-07-04 05:42:11,Offered
SP-04#IAEO_VI_M3_VI21_CV_01:1039,SP-04,2025-07-04 11:48:02,Pass
SP-04#IAEO_VI_M3_VI21_CV_01:1040,SP-04,2025-07-04 08:49:36,Offered
SP-04#IAEO_VI_M3_VI21_CV_01:1040,SP-04,2025-07-04 14:15:10,Pass
SP-04#IAEO_VI_M3_VI21_CV_01:1041,SP-04,2025-07-04 15:12:16,Offered
SP-04#IAEO_VI_M3_VI21_CV_01:1041,SP-04,2025-07-04 19:57:18,Pass
SP-04#IAEO_VI_M3_VI21_CV_01:1042,SP-04,2025-07-04 02:10:01,Offered
SP-04#IAEO_VI_M3_VI21_CV_01:1042,SP-04,2025-07-04 09:00:50,Pass
SP-04#IAEO_VI_M3_VI21_CV_01:1043,SP-04,2025-07-04 07:41:55,Offered
SP-04#IAEO_VI_M3_VI21_CV_01:1043,SP-04,2025-07-04 10:00:15,Pass
SP-04#IAEO_VI_M3_VI21_CV_01:1044,SP-04,2025-07-04 00:29:21,Offered
SP-04#IAEO_VI_M3_VI21_CV_01:1044,SP-04,2025-07-04 03:42:10,Fail
SP-04#IAEO_VI_M3_VI21_CV_01:1044,SP-04,2025-07-08 02:43:24,Pass
SP-04#IAEO_VI_M3_VI21_CV_01:1045,SP-04,2025-07-04 00:23:53,Offered
SP-04#IAEO_VI_M3_VI21_CV_01:1045,SP-04,2025-07-04 04:58:57,Pass
SP-04#IAEO_VI_M3_VI21_CV_01:1046,SP-04,2025-07-04 05:26:09,Offered
SP-04#IAEO_VI_M3_VI21_CV_01:1046,SP-04,2025-07-04 10:57:07,Pass
SP-04#IAEO_VI_M3_VI21_CV_01:1047,SP-04,2025-07-04 02:05:32,Offered
SP-04#IAEO_VI_M3_VI21_CV_01:1047,SP-04,2025-07-04 04:45:19,Fail
SP-04#IAEO_VI_M3_VI21_CV_01:1047,SP-04,2025-07-07 21:38:48,Pass
SP-05#IAEO_VI_M3_VI21_CV_01:1048,SP-05,2025-07-04 22:28:53,Offered
SP-05#IAEO_VI_M3_VI21_CV_01:1048,SP-05,2025-07-05 00:26:38,Pass
SP-05#IAEO_VI_M3_VI21_CV_01:1049,SP-05,2025-07-04 08:11:08,Offered
SP-05#IAEO_VI_M3_VI21_CV_01:1049,SP-05,2025-07-04 09:58:47,Pass
SP-05#IAEO_VI_M3_VI21_CV_01:1050,SP-05,2025-07-04 22:11:33,Offered
SP-05#IAEO_VI_M3_VI21_CV_01:1050,SP-05,2025-07-05 05:20:02,Pass
SP-05#IAEO_VI_M3_VI21_CV_01:1051,SP-05,2025-07-04 06:11:26,Offered
SP-05#IAEO_VI_M3_VI21_CV_01:1051,SP-05,2025-07-04 11:48:37,Pass
SP-05#IAEO_VI_M3_VI21_CV_01:1052,SP-05,2025-07-04 19:36:47,Offered
SP-05#IAEO_VI_M3_VI21_CV_01:1052,SP-05,2025-07-05 00:29:59,Pass
SP-05#IAEO_VI_M3_VI21_CV_01:1053,SP-05,2025-07-04 12:42:41,Offered
SP-05#IAEO_VI_M3_VI21_CV_01:1053,SP-05,2025-07-04 15:24:16,Pass
SP-05#IAEO_VI_M3_VI21_CV_01:1054,SP-05,2025-07-04 02:14:04,Offered
SP-05#IAEO_VI_M3_VI21_CV_01:1054,SP-05,2025-07-04 09:30:53,Pass
SP-05#IAEO_VI_M3_VI21_CV_01:1055,SP-05,2025-07-04 10:48:18,Offered
SP-05#IAEO_VI_M3_VI21_CV_01:1055,SP-05,2025-07-04 13:38:24,Fail
SP-05#IAEO_VI_M3_VI21_CV_01:1055,SP-05,2025-07-08 05:02:27,Pass
SP-05#IAEO_VI_M3_VI21_CV_01:1056,SP-05,2025-07-04 08:22:51,Offered
SP-05#IAEO_VI_M3_VI21_CV_01:1056,SP-05,2025-07-04 14:27:45,Pass
SP-05#IAEO_VI_M3_VI21_CV_01:1057,SP-05,2025-07-04 21:31:50,Offered
SP-05#IAEO_VI_M3_VI21_CV_01:1057,SP-05,2025-07-05 04:44:24,Pass
SP-05#IAEO_VI_M3_VI21_CV_01:1058,SP-05,2025-07-04 18:43:01,Offered
SP-05#IAEO_VI_M3_VI21_CV_01:1058,SP-05,2025-07-05 00:12:40,Pass
SP-05#IAEO_VI_M3_VI21_CV_01:1059,SP-05,2025-07-04 02:01:09,Offered
SP-05#IAEO_VI_M3_VI21_CV_01:1059,SP-05,2025-07-04 04:09:02,Pass
SP-06#IAEO_VI_M3_VI21_CV_01:1060,SP-06,2025-07-04 21:33:55,Offered
SP-06#IAEO_VI_M3_VI21_CV_01:1060,SP-06,2025-07-05 02:48:37,Pass
SP-06#IAEO_VI_M3_VI21_CV_01:1061,SP-06,2025-07-04 00:13:14,Offered
SP-06#IAEO_VI_M3_VI21_CV_01:1061,SP-06,2025-07-04 01:55:51,Pass
SP-06#IAEO_VI_M3_VI21_CV_01:1062,SP-06,2025-07-04 15:55:26,Offered
SP-06#IAEO_VI_M3_VI21_CV_01:1062,SP-06,2025-07-04 16:57:34,Pass
SP-06#IAEO_VI_M3_VI21_CV_01:1063,SP-06,2025-07-04 03:51:33,Offered
SP-06#IAEO_VI_M3_VI21_CV_01:1063,SP-06,2025-07-04 08:42:01,Pass
SP-06#IAEO_VI_M3_VI21_CV_01:1064,SP-06,2025-07-04 16:36:19,Offered
SP-06#IAEO_VI_M3_VI21_CV_01:1064,SP-06,2025-07-04 22:10:09,Pass
SP-06#IAEO_VI_M3_VI21_CV_01:1065,SP-06,2025-07-04 05:22:56,Offered
SP-06#IAEO_VI_M3_VI21_CV_01:1065,SP-06,2025-07-04 11:22:03,Pass
SP-06#IAEO_VI_M3_VI21_CV_01:1066,SP-06,2025-07-04 05:41:38,Offered
SP-06#IAEO_VI_M3_VI21_CV_01:1066,SP-06,2025-07-04 08:58:18,Pass
SP-06#IAEO_VI_M3_VI21_CV_01:1067,SP-06,2025-07-04 17:54:56,Offered
SP-06#IAEO_VI_M3_VI21_CV_01:1067,SP-06,2025-07-04 23:27:47,Pass
SP-06#IAEO_VI_M3_VI21_CV_01:1068,SP-06,2025-07-04 20:22:52,Offered
SP-06#IAEO_VI_M3_VI21_CV_01:1068,SP-06,2025-07-05 01:59:04,Pass
SP-06#IAEO_VI_M3_VI21_CV_01:1069,SP-06,2025-07-04 13:38:21,Offered
SP-06#IAEO_VI_M3_VI21_CV_01:1069,SP-06,2025-07-04 15:17:42,Pass
SP-06#IAEO_VI_M3_VI21_CV_01:1070,SP-06,2025-07-04 08:49:30,Offered
SP-06#IAEO_VI_M3_VI21_CV_01:1070,SP-06,2025-07-04 11:40:53,Pass
SP-06#IAEO_VI_M3_VI21_CV_01:1071,SP-06,2025-07-04 05:51:20,Offered
SP-06#IAEO_VI_M3_VI21_CV_01:1071,SP-06,2025-07-04 13:40:00,Pass
SP-07#IAEO_VI_M3_VI21_CV_01:1072,SP-07,2025-07-04 09:26:03,Offered
SP-07#IAEO_VI_M3_VI21_CV_01:1072,SP-07,2025-07-04 16:40:43,Pass
SP-07#IAEO_VI_M3_VI21_CV_01:1073,SP-07,2025-07-04 15:08:50,Offered
SP-07#IAEO_VI_M3_VI21_CV_01:1073,SP-07,2025-07-04 21:42:39,Pass
SP-07#IAEO_VI_M3_VI21_CV_01:1074,SP-07,2025-07-04 12:03:47,Offered
SP-07#IAEO_VI_M3_VI21_CV_01:1074,SP-07,2025-07-04 17:06:05,Pass
SP-07#IAEO_VI_M3_VI21_CV_01:1075,SP-07,2025-07-04 11:49:13,Offered
SP-07#IAEO_VI_M3_VI21_CV_01:1075,SP-07,2025-07-04 14:11:13,Pass
SP-07#IAEO_VI_M3_VI21_CV_01:1076,SP-07,2025-07-04 17:20:19,Offered
SP-07#IAEO_VI_M3_VI21_CV_01:1076,SP-07,2025-07-04 20:18:15,Pass
SP-07#IAEO_VI_M3_VI21_CV_01:1077,SP-07,2025-07-04 00:35:00,Offered
SP-07#IAEO_VI_M3_VI21_CV_01:1077,SP-07,2025-07-04 06:06:06,Pass
SP-07#IAEO_VI_M3_VI21_CV_01:1078,SP-07,2025-07-04 04:15:02,Offered
SP-07#IAEO_VI_M3_VI21_CV_01:1078,SP-07,2025-07-04 11:50:01,Pass
SP-07#IAEO_VI_M3_VI21_CV_01:1079,SP-07,2025-07-04 22:53:39,Offered
SP-07#IAEO_VI_M3_VI21_CV_01:1079,SP-07,2025-07-05 06:17:54,Pass
SP-07#IAEO_VI_M3_VI21_CV_01:1080,SP-07,2025-07-04 08:53:01,Offered
SP-07#IAEO_VI_M3_VI21_CV_01:1080,SP-07,2025-07-04 09:59:31,Pass
SP-07#IAEO_VI_M3_VI21_CV_01:1081,SP-07,2025-07-04 22:16:46,Offered
SP-07#IAEO_VI_M3_VI21_CV_01:1081,SP-07,2025-07-05 02:16:36,Pass
SP-07#IAEO_VI_M3_VI21_CV_01:1082,SP-07,2025-07-04 23:11:58,Offered
SP-07#IAEO_VI_M3_VI21_CV_01:1082,SP-07,2025-07-05 06:56:42,Pass
SP-07#IAEO_VI_M3_VI21_CV_01:1083,SP-07,2025-07-04 20:28:20,Offered
SP-07#IAEO_VI_M3_VI21_CV_01:1083,SP-07,2025-07-04 23:32:00,Pass
SP-08#IAEO_VI_M3_VI21_CV_01:1084,SP-08,2025-07-04 09:14:32,Offered
SP-08#IAEO_VI_M3_VI21_CV_01:1084,SP-08,2025-07-04 16:12:01,Pass
SP-08#IAEO_VI_M3_VI21_CV_01:1085,SP-08,2025-07-04 07:36:22,Offered
SP-08#IAEO_VI_M3_VI21_CV_01:1085,SP-08,2025-07-04 09:47:33,Pass
SP-08#IAEO_VI_M3_VI21_CV_01:1086,SP-08,2025-07-04 13:21:47,Offered
SP-08#IAEO_VI_M3_VI21_CV_01:1086,SP-08,2025-07-04 20:54:58,Pass
SP-08#IAEO_VI_M3_VI21_CV_01:1087,SP-08,2025-07-04 16:42:16,Offered
SP-08#IAEO_VI_M3_VI21_CV_01:1087,SP-08,2025-07-04 21:41:42,Pass
SP-08#IAEO_VI_M3_VI21_CV_01:1088,SP-08,2025-07-04 02:19:56,Offered
SP-08#IAEO_VI_M3_VI21_CV_01:1088,SP-08,2025-07-04 07:38:14,Pass
SP-08#IAEO_VI_M3_VI21_CV_01:1089,SP-08,2025-07-04 23:45:40,Offered
SP-08#IAEO_VI_M3_VI21_CV_01:1089,SP-08,2025-07-05 01:44:30,Pass
SP-08#IAEO_VI_M3_VI21_CV_01:1090,SP-08,2025-07-04 12:26:23,Offered
SP-08#IAEO_VI_M3_VI21_CV_01:1090,SP-08,2025-07-04 19:34:53,Pass
SP-08#IAEO_VI_M3_VI21_CV_01:1091,SP-08,2025-07-04 17:46:42,Offered
SP-08#IAEO_VI_M3_VI21_CV_01:1091,SP-08,2025-07-04 23:39:27,Pass
SP-08#IAEO_VI_M3_VI21_CV_01:1092,SP-08,2025-07-04 16:51:34,Offered
SP-08#IAEO_VI_M3_VI21_CV_01:1092,SP-08,2025-07-04 20:22:33,Pass
SP-08#IAEO_VI_M3_VI21_CV_01:1093,SP-08,2025-07-04 07:02:46,Offered
SP-08#IAEO_VI_M3_VI21_CV_01:1093,SP-08,2025-07-04 13:42:42,Pass
SP-08#IAEO_VI_M3_VI21_CV_01:1094,SP-08,2025-07-04 19:26:33,Offered
SP-08#IAEO_VI_M3_VI21_CV_01:1094,SP-08,2025-07-05 02:30:44,Pass
SP-08#IAEO_VI_M3_VI21_CV_01:1095,SP-08,2025-07-04 21:55:03,Offered
SP-08#IAEO_VI_M3_VI21_CV_01:1095,SP-08,2025-07-05 02:29:49,Pass
SP-09#IAEO_VI_M3_VI21_CV_01:1096,SP-09,2025-07-04 12:02:11,Offered
SP-09#IAEO_VI_M3_VI21_CV_01:1096,SP-09,2025-07-04 18:37:28,Pass
SP-09#IAEO_VI_M3_VI21_CV_01:1097,SP-09,2025-07-04 15:35:56,Offered
SP-09#IAEO_VI_M3_VI21_CV_01:1097,SP-09,2025-07-04 21:30:46,Pass
SP-09#IAEO_VI_M3_VI21_CV_01:1098,SP-09,2025-07-04 19:05:56,Offered
SP-09#IAEO_VI_M3_VI21_CV_01:1098,SP-09,2025-07-05 02:19:44,Pass
SP-09#IAEO_VI_M3_VI21_CV_01:1099,SP-09,2025-07-04 08:06:42,Offered
SP-09#IAEO_VI_M3_VI21_CV_01:1099,SP-09,2025-07-04 11:44:27,Pass
SP-09#IAEO_VI_M3_VI21_CV_01:1100,SP-09,2025-07-04 02:15:20,Offered
SP-09#IAEO_VI_M3_VI21_CV_01:1100,SP-09,2025-07-04 07:18:12,Pass
SP-09#IAEO_VI_M3_VI21_CV_01:1101,SP-09,2025-07-04 00:51:45,Offered
SP-09#IAEO_VI_M3_VI21_CV_01:1101,SP-09,2025-07-04 05:07:18,Pass
SP-09#IAEO_VI_M3_VI21_CV_01:1102,SP-09,2025-07-04 13:01:24,Offered
SP-09#IAEO_VI_M3_VI21_CV_01:1102,SP-09,2025-07-04 16:01:45,Pass
SP-09#IAEO_VI_M3_VI21_CV_01:1103,SP-09,2025-07-04 14:10:47,Offered
SP-09#IAEO_VI_M3_VI21_CV_01:1103,SP-09,2025-07-04 15:23:36,Pass
SP-09#IAEO_VI_M3_VI21_CV_01:1104,SP-09,2025-07-04 00:53:46,Offered
SP-09#IAEO_VI_M3_VI21_CV_01:1104,SP-09,2025-07-04 07:39:16,Pass
SP-09#IAEO_VI_M3_VI21_CV_01:1105,SP-09,2025-07-04 08:38:40,Offered
SP-09#IAEO_VI_M3_VI21_CV_01:1105,SP-09,2025-07-04 10:32:02,Pass
SP-09#IAEO_VI_M3_VI21_CV_01:1106,SP-09,2025-07-04 12:32:01,Offered
SP-09#IAEO_VI_M3_VI21_CV_01:1106,SP-09,2025-07-04 18:55:25,Pass
SP-09#IAEO_VI_M3_VI21_CV_01:1107,SP-09,2025-07-04 05:10:46,Offered
SP-09#IAEO_VI_M3_VI21_CV_01:1107,SP-09,2025-07-04 10:32:23,Pass
SP-10#IAEO_VI_M3_VI21_CV_01:1108,SP-10,2025-07-04 02:02:54,Offered
SP-10#IAEO_VI_M3_VI21_CV_01:1108,SP-10,2025-07-04 03:24:36,Pass
SP-10#IAEO_VI_M3_VI21_CV_01:1109,SP-10,2025-07-04 12:45:09,Offered
SP-10#IAEO_VI_M3_VI21_CV_01:1109,SP-10,2025-07-04 17:32:13,Pass
SP-10#IAEO_VI_M3_VI21_CV_01:1110,SP-10,2025-07-04 15:17:53,Offered
SP-10#IAEO_VI_M3_VI21_CV_01:1110,SP-10,2025-07-04 21:22:51,Pass
SP-10#IAEO_VI_M3_VI21_CV_01:1111,SP-10,2025-07-04 23:25:13,Offered
SP-10#IAEO_VI_M3_VI21_CV_01:1111,SP-10,2025-07-05 04:02:04,Pass
SP-10#IAEO_VI_M3_VI21_CV_01:1112,SP-10,2025-07-04 07:45:03,Offered
SP-10#IAEO_VI_M3_VI21_CV_01:1112,SP-10,2025-07-04 14:19:02,Pass
SP-10#IAEO_VI_M3_VI21_CV_01:1113,SP-10,2025-07-04 06:29:59,Offered
SP-10#IAEO_VI_M3_VI21_CV_01:1113,SP-10,2025-07-04 10:34:21,Pass
SP-10#IAEO_VI_M3_VI21_CV_01:1114,SP-10,2025-07-04 01:52:58,Offered
SP-10#IAEO_VI_M3_VI21_CV_01:1114,SP-10,2025-07-04 03:03:37,Pass
SP-10#IAEO_VI_M3_VI21_CV_01:1115,SP-10,2025-07-04 23:06:12,Offered
SP-10#IAEO_VI_M3_VI21_CV_01:1115,SP-10,2025-07-05 05:57:19,Pass
SP-10#IAEO_VI_M3_VI21_CV_01:1116,SP-10,2025-07-04 16:42:12,Offered
SP-10#IAEO_VI_M3_VI21_CV_01:1116,SP-10,2025-07-04 20:33:57,Pass
SP-10#IAEO_VI_M3_VI21_CV_01:1117,SP-10,2025-07-04 04:09:32,Offered
SP-10#IAEO_VI_M3_VI21_CV_01:1117,SP-10,2025-07-04 06:15:14,Pass
SP-10#IAEO_VI_M3_VI21_CV_01:1118,SP-10,2025-07-04 06:00:20,Offered
SP-10#IAEO_VI_M3_VI21_CV_01:1118,SP-10,2025-07-04 10:51:01,Pass
SP-10#IAEO_VI_M3_VI21_CV_01:1119,SP-10,2025-07-04 17:09:01,Offered
SP-10#IAEO_VI_M3_VI21_CV_01:1119,SP-10,2025-07-04 22:46:18,Pass
